Optimizer,Train Loss,Test RMSE,Test MAE,R² Score,Training Time (s)
Momentum,3744430.5584137468,3532.2165741956387,2408.0178446473637,0.8419569488860766,0.014574050903320312
MiniBatch,4816822.092544709,3678.693827989408,2595.336626722271,0.8285774130922878,0.05153799057006836
GD,8846211.01110869,4090.6305641892413,3048.3716086792433,0.7880364057185866,0.01289057731628418
Adam,234021164.14618915,16137.028893327377,13478.453570791853,-2.29858675302392,0.01710224151611328
